"","Country/region/territory","Confirmed","Probable","GISAID"
"1","Argentina",454,NA,3
"2","Australia",498,NA,397
"3","Austria",365,NA,150
"4","Belgium",184,NA,184
"5","Bangladesh",2,NA,2
"6","Brazil",30,NA,30
"7","Brunei",1,NA,1
"8","Botswana",291,NA,291
"9","Canada",3402,NA,482
"10","Switzerland",218,NA,218
"11","Chile",73,NA,2
"12","China",4,NA,1
"13","Colombia",3,NA,1
"14","Costa Rica",1,NA,1
"15","Czechia",11,NA,11
"16","Germany",1284,NA,274
"17","Denmark",26362,NA,1093
"18","Algeria",1,NA,1
"19","Ecuador",22,NA,1
"20","Egypt",3,NA,1
"21","Spain",213,NA,213
"22","Finland",34,NA,3
"23","France",993,NA,137
"24","United Kingdom",60508,14,13081
"25","Georgia",2,NA,1
"26","Ghana",40,NA,40
"27","Gibraltar",105,NA,105
"28","Greece",17,NA,2
"29","Hong Kong SAR China",27,NA,18
"30","Croatia",8,NA,8
"31","Indonesia",5,NA,5
"32","India",220,NA,53
"33","Ireland",144,NA,144
"34","Israel",341,1,179
"35","Italy",84,NA,84
"36","Jordan",4,NA,4
"37","Japan",85,NA,35
"38","Kenya",27,NA,27
"39","Cambodia",5,NA,5
"40","South Korea",234,NA,9
"41","Lebanon",29,NA,4
"42","Liechtenstein",2,NA,2
"43","Sri Lanka",4,NA,3
"44","Lithuania",14,NA,3
"45","Luxembourg",1,NA,1
"46","Maldives",5,NA,1
"47","Mexico",25,NA,25
"48","Montenegro",5,NA,2
"49","Mozambique",17,NA,17
"50","Mauritius",14,NA,7
"51","Malawi",3,NA,12
"52","Malaysia",13,NA,11
"53","Namibia",18,NA,17
"54","Nigeria",11,NA,10
"55","Netherlands",183,NA,183
"56","Norway",4651,NA,217
"57","Nepal",3,NA,2
"58","New Zealand",28,NA,1
"59","Oman",2,NA,8
"60","Pakistan",2,NA,2
"61","Panama",1,NA,1
"62","Peru",12,NA,4
"63","Philippines",3,NA,2
"64","Poland",7,NA,7
"65","Puerto Rico",NA,NA,3
"66","Portugal",90,NA,53
"67","RÃ©union",7,NA,7
"68","Romania",16,NA,15
"69","Russia",41,NA,27
"70","Senegal",18,NA,18
"71","Singapore",93,NA,93
"72","Sierra Leone",1,NA,1
"73","Slovakia",7,NA,4
"74","Slovenia",51,NA,3
"75","Sweden",232,NA,162
"76","Thailand",63,NA,14
"77","Trinidad & Tobago",5,NA,3
"78","Turkey",30,NA,30
"79","Uganda",25,NA,1
"80","United States",1781,1,1765
"81","South Africa",1444,NA,1444
"82","Estonia",656,NA,NA
"83","Iceland",200,NA,NA
"84","Bermuda",74,NA,NA
"85","Zimbabwe",50,NA,NA
"86","Cyprus",33,NA,NA
"87","Morocco",28,NA,NA
"88","Hungary",15,NA,NA
"89","Latvia",14,NA,NA
"90","Zambia",11,NA,NA
"91","Rwanda",6,NA,NA
"92","Cuba",5,NA,NA
"93","Cayman Islands",4,NA,NA
"94","Qatar",4,NA,NA
"95","Palestinian Territories",3,NA,NA
"96","Taiwan",3,NA,NA
"97","Fiji",2,NA,NA
"98","United Arab Emirates",1,NA,NA
"99","Aruba",1,NA,NA
"100","Bahrain",1,NA,NA
"101","Iran",1,NA,NA
"102","Kuwait",1,NA,NA
"103","Saudi Arabia",1,NA,NA
"104","Tunisia",1,NA,NA
"105","Ukraine",1,NA,NA
